id;name;description
1;Table;../fake-data/blob/hipster.txt
2;projection Versatile;../fake-data/blob/hipster.txt
3;Integration;../fake-data/blob/hipster.txt
4;bypassing SCSI applications;../fake-data/blob/hipster.txt
5;e-commerce;../fake-data/blob/hipster.txt
6;Fresh;../fake-data/blob/hipster.txt
7;transmitting XML orchestrate;../fake-data/blob/hipster.txt
8;Nevada enterprise Belarussian Ruble;../fake-data/blob/hipster.txt
9;fuchsia;../fake-data/blob/hipster.txt
10;Soap Chad Regional;../fake-data/blob/hipster.txt
