id;gender;phone;address_line_1;address_line_2;city;country
1;OTHER;025-278-1953 x52357;back up Liaison Health;Small Plastic Salad synthesize access;Prestonfurt;Liberia
2;FEMALE;890.223.8629 x195;invoice unleash;JBOD;North Blanche;Ireland
3;FEMALE;351.512.5470 x66694;optical;Identity;Port Kale;Italy
4;MALE;(063) 204-5307 x06078;24/7 Facilitator Handmade Soft Shirt;back-end;East Murielmouth;Slovenia
5;MALE;778-901-1572 x4774;National synthesizing PCI;efficient;North Godfreyton;Maldives
6;OTHER;(546) 130-9709;expedite Small Steel Computer;Ergonomic viral;South Marianne;Myanmar
7;OTHER;539.705.0310;e-tailers;Proactive;Candidoport;Marshall Islands
8;MALE;1-191-811-7549 x4585;Saint Lucia;portal Handcrafted Marshall Islands;West Maxwellland;Slovakia (Slovak Republic)
9;FEMALE;638-378-2730;experiences withdrawal Intelligent Steel Chair;Unions flexibility;Koeppton;Swaziland
10;FEMALE;(090) 958-9120;navigating Strategist;Rustic Concrete Chicken streamline eyeballs;Port Romaine;French Southern Territories
