id;title;content;time
1;mobile;../fake-data/blob/hipster.txt;2020-11-07T13:24:52
2;Central African Republic;../fake-data/blob/hipster.txt;2020-11-07T02:13:49
3;Arkansas deposit Branding;../fake-data/blob/hipster.txt;2020-11-07T08:53:17
4;Intelligent Chips Lead;../fake-data/blob/hipster.txt;2020-11-07T05:12:23
5;brand;../fake-data/blob/hipster.txt;2020-11-06T20:42:47
6;Ergonomic Soft Soap;../fake-data/blob/hipster.txt;2020-11-06T15:34:46
7;Fresh connecting;../fake-data/blob/hipster.txt;2020-11-07T05:01:55
8;Generic Steel Car;../fake-data/blob/hipster.txt;2020-11-07T11:40:40
9;gold;../fake-data/blob/hipster.txt;2020-11-06T15:38:56
10;program withdrawal;../fake-data/blob/hipster.txt;2020-11-07T03:36:44
